ID,NAME_CAP,NAME,SHINY,LUCKY
1,BULBASAUR,bulbasaur,Y,Y
2,IVYSAUR,ivysaur,Y,Y
3,VENUSAUR,venusaur,Y,Y
4,CHARMANDER,charmander,Y,Y
5,CHARMELEON,charmeleon,Y,Y
6,CHARIZARD,charizard,Y,Y
7,SQUIRTLE,squirtle,Y,Y
8,WARTORTLE,wartortle,Y,Y
9,BLASTOISE,blastoise,Y,Y
10,CATERPIE,caterpie,Y,Y
11,METAPOD,metapod,Y,Y
12,BUTTERFREE,butterfree,Y,Y
13,WEEDLE,weedle,Y,Y
14,KAKUNA,kakuna,Y,Y
15,BEEDRILL,beedrill,Y,Y
16,PIDGEY,pidgey,Y,Y
17,PIDGEOTTO,pidgeotto,Y,Y
18,PIDGEOT,pidgeot,Y,Y
19,RATTATA,rattata,Y,Y
20,RATICATE,raticate,Y,Y
21,SPEAROW,spearow,Y,Y
22,FEAROW,fearow,Y,Y
23,EKANS,ekans,Y,Y
24,ARBOK,arbok,Y,Y
25,PIKACHU,pikachu,Y,Y
26,RAICHU,raichu,Y,Y
27,SANDSHREW,sandshrew,Y,Y
28,SANDSLASH,sandslash,Y,Y
29,NIDORAN‚ÔÄ,nidoran‚ôÄ,Y,Y
30,NIDORINA,nidorina,Y,Y
31,NIDOQUEEN,nidoqueen,Y,Y
32,NIDORAN‚ÔÇ,nidoran‚ôÇ,Y,Y
33,NIDORINO,nidorino,Y,Y
34,NIDOKING,nidoking,Y,Y
35,CLEFAIRY,clefairy,Y,Y
36,CLEFABLE,clefable,Y,Y
37,VULPIX,vulpix,Y,Y
38,NINETALES,ninetales,Y,Y
39,JIGGLYPUFF,jigglypuff,Y,Y
40,WIGGLYTUFF,wigglytuff,Y,Y
41,ZUBAT,zubat,Y,Y
42,GOLBAT,golbat,Y,Y
43,ODDISH,oddish,Y,Y
44,GLOOM,gloom,Y,Y
45,VILEPLUME,vileplume,Y,Y
46,PARAS,paras,Y,Y
47,PARASECT,parasect,Y,Y
48,VENONAT,venonat,Y,Y
49,VENOMOTH,venomoth,Y,Y
50,DIGLETT,diglett,Y,Y
51,DUGTRIO,dugtrio,Y,Y
52,MEOWTH,meowth,Y,Y
53,PERSIAN,persian,Y,Y
54,PSYDUCK,psyduck,Y,Y
55,GOLDUCK,golduck,Y,Y
56,MANKEY,mankey,Y,Y
57,PRIMEAPE,primeape,Y,Y
58,GROWLITHE,growlithe,Y,Y
59,ARCANINE,arcanine,Y,Y
60,POLIWAG,poliwag,Y,Y
61,POLIWHIRL,poliwhirl,Y,Y
62,POLIWRATH,poliwrath,Y,Y
63,ABRA,abra,Y,Y
64,KADABRA,kadabra,Y,Y
65,ALAKAZAM,alakazam,Y,Y
66,MACHOP,machop,Y,Y
67,MACHOKE,machoke,Y,Y
68,MACHAMP,machamp,Y,Y
69,BELLSPROUT,bellsprout,Y,Y
70,WEEPINBELL,weepinbell,Y,Y
71,VICTREEBEL,victreebel,Y,Y
72,TENTACOOL,tentacool,Y,Y
73,TENTACRUEL,tentacruel,Y,Y
74,GEODUDE,geodude,Y,Y
75,GRAVELER,graveler,Y,Y
76,GOLEM,golem,Y,Y
77,PONYTA,ponyta,Y,Y
78,RAPIDASH,rapidash,Y,Y
79,SLOWPOKE,slowpoke,Y,Y
80,SLOWBRO,slowbro,Y,Y
81,MAGNEMITE,magnemite,Y,Y
82,MAGNETON,magneton,Y,Y
83,FARFETCH'D,farfetch'd,Y,Y
84,DODUO,doduo,Y,Y
85,DODRIO,dodrio,Y,Y
86,SEEL,seel,Y,Y
87,DEWGONG,dewgong,Y,Y
88,GRIMER,grimer,Y,Y
89,MUK,muk,Y,Y
90,SHELLDER,shellder,Y,Y
91,CLOYSTER,cloyster,Y,Y
92,GASTLY,gastly,Y,Y
93,HAUNTER,haunter,Y,Y
94,GENGAR,gengar,Y,Y
95,ONIX,onix,Y,Y
96,DROWZEE,drowzee,Y,Y
97,HYPNO,hypno,Y,Y
98,KRABBY,krabby,Y,Y
99,KINGLER,kingler,Y,Y
100,VOLTORB,voltorb,Y,Y
101,ELECTRODE,electrode,Y,Y
102,EXEGGCUTE,exeggcute,Y,Y
103,EXEGGUTOR,exeggutor,Y,Y
104,CUBONE,cubone,Y,Y
105,MAROWAK,marowak,Y,Y
106,HITMONLEE,hitmonlee,Y,Y
107,HITMONCHAN,hitmonchan,Y,Y
108,LICKITUNG,lickitung,Y,Y
109,KOFFING,koffing,Y,Y
110,WEEZING,weezing,Y,Y
111,RHYHORN,rhyhorn,Y,Y
112,RHYDON,rhydon,Y,Y
113,CHANSEY,chansey,Y,Y
114,TANGELA,tangela,Y,Y
115,KANGASKHAN,kangaskhan,Y,Y
116,HORSEA,horsea,Y,Y
117,SEADRA,seadra,Y,Y
118,GOLDEEN,goldeen,Y,Y
119,SEAKING,seaking,Y,Y
120,STARYU,staryu,Y,Y
121,STARMIE,starmie,Y,Y
122,MR. MIME,mr. mime,Y,Y
123,SCYTHER,scyther,Y,Y
124,JYNX,jynx,Y,Y
125,ELECTABUZZ,electabuzz,Y,Y
126,MAGMAR,magmar,Y,Y
127,PINSIR,pinsir,Y,Y
128,TAUROS,tauros,Y,Y
129,MAGIKARP,magikarp,Y,Y
130,GYARADOS,gyarados,Y,Y
131,LAPRAS,lapras,Y,Y
132,DITTO,ditto,Y,Y
133,EEVEE,eevee,Y,Y
134,VAPOREON,vaporeon,Y,Y
135,JOLTEON,jolteon,Y,Y
136,FLAREON,flareon,Y,Y
137,PORYGON,porygon,Y,Y
138,OMANYTE,omanyte,Y,Y
139,OMASTAR,omastar,Y,Y
140,KABUTO,kabuto,Y,Y
141,KABUTOPS,kabutops,Y,Y
142,AERODACTYL,aerodactyl,Y,Y
143,SNORLAX,snorlax,Y,Y
144,ARTICUNO,articuno,Y,Y
145,ZAPDOS,zapdos,Y,Y
146,MOLTRES,moltres,Y,Y
147,DRATINI,dratini,Y,Y
148,DRAGONAIR,dragonair,Y,Y
149,DRAGONITE,dragonite,Y,Y
150,MEWTWO,mewtwo,Y,Y
151,MEW,mew,Y,
152,CHIKORITA,chikorita,Y,Y
153,BAYLEEF,bayleef,Y,Y
154,MEGANIUM,meganium,Y,Y
155,CYNDAQUIL,cyndaquil,Y,Y
156,QUILAVA,quilava,Y,Y
157,TYPHLOSION,typhlosion,Y,Y
158,TOTODILE,totodile,Y,Y
159,CROCONAW,croconaw,Y,Y
160,FERALIGATR,feraligatr,Y,Y
161,SENTRET,sentret,,Y
162,FURRET,furret,,Y
163,HOOTHOOT,hoothoot,Y,Y
164,NOCTOWL,noctowl,Y,Y
165,LEDYBA,ledyba,Y,Y
166,LEDIAN,ledian,Y,Y
167,SPINARAK,spinarak,Y,Y
168,ARIADOS,ariados,Y,Y
169,CROBAT,crobat,Y,Y
170,CHINCHOU,chinchou,Y,Y
171,LANTURN,lanturn,Y,Y
172,PICHU,pichu,Y,Y
173,CLEFFA,cleffa,Y,Y
174,IGGLYBUFF,igglybuff,Y,Y
175,TOGEPI,togepi,Y,Y
176,TOGETIC,togetic,Y,Y
177,NATU,natu,Y,Y
178,XATU,xatu,Y,Y
179,MAREEP,mareep,Y,Y
180,FLAAFFY,flaaffy,Y,Y
181,AMPHAROS,ampharos,Y,Y
182,BELLOSSOM,bellossom,Y,Y
183,MARILL,marill,Y,Y
184,AZUMARILL,azumarill,Y,Y
185,SUDOWOODO,sudowoodo,,Y
186,POLITOED,politoed,Y,Y
187,HOPPIP,hoppip,Y,Y
188,SKIPLOOM,skiploom,Y,Y
189,JUMPLUFF,jumpluff,Y,Y
190,AIPOM,aipom,Y,Y
191,SUNKERN,sunkern,Y,Y
192,SUNFLORA,sunflora,Y,Y
193,YANMA,yanma,Y,Y
194,WOOPER,wooper,Y,Y
195,QUAGSIRE,quagsire,Y,Y
196,ESPEON,espeon,Y,Y
197,UMBREON,umbreon,Y,Y
198,MURKROW,murkrow,Y,Y
199,SLOWKING,slowking,Y,Y
200,MISDREAVUS,misdreavus,,Y
201,UNOWN,unown,Y,Y
202,WOBBUFFET,wobbuffet,Y,Y
203,GIRAFARIG,girafarig,Y,Y
204,PINECO,pineco,Y,Y
205,FORRETRESS,forretress,Y,Y
206,DUNSPARCE,dunsparce,Y,Y
207,GLIGAR,gligar,Y,Y
208,STEELIX,steelix,Y,Y
209,SNUBBULL,snubbull,Y,Y
210,GRANBULL,granbull,Y,Y
211,QWILFISH,qwilfish,Y,Y
212,SCIZOR,scizor,Y,Y
213,SHUCKLE,shuckle,Y,Y
214,HERACROSS,heracross,Y,Y
215,SNEASEL,sneasel,Y,Y
216,TEDDIURSA,teddiursa,Y,Y
217,URSARING,ursaring,Y,Y
218,SLUGMA,slugma,,Y
219,MAGCARGO,magcargo,,Y
220,SWINUB,swinub,Y,Y
221,PILOSWINE,piloswine,Y,Y
222,CORSOLA,corsola,Y,Y
223,REMORAID,remoraid,,Y
224,OCTILLERY,octillery,,Y
225,DELIBIRD,delibird,Y,Y
226,MANTINE,mantine,Y,Y
227,SKARMORY,skarmory,Y,Y
228,HOUNDOUR,houndour,Y,Y
229,HOUNDOOM,houndoom,Y,Y
230,KINGDRA,kingdra,Y,Y
231,PHANPY,phanpy,,Y
232,DONPHAN,donphan,,Y
233,PORYGON2,porygon2,Y,Y
234,STANTLER,stantler,Y,Y
235,SMEARGLE,smeargle,Y,Y
236,TYROGUE,tyrogue,Y,Y
237,HITMONTOP,hitmontop,Y,Y
238,SMOOCHUM,smoochum,,Y
239,ELEKID,elekid,,Y
240,MAGBY,magby,Y,Y
241,MILTANK,miltank,Y,Y
242,BLISSEY,blissey,Y,Y
243,RAIKOU,raikou,Y,Y
244,ENTEI,entei,Y,Y
245,SUICUNE,suicune,Y,Y
246,LARVITAR,larvitar,Y,Y
247,PUPITAR,pupitar,Y,Y
248,TYRANITAR,tyranitar,Y,Y
249,LUGIA,lugia,Y,Y
250,HO-OH,ho-oh,Y,Y
251,CELEBI,celebi,Y,
252,TREECKO,treecko,Y,Y
253,GROVYLE,grovyle,Y,Y
254,SCEPTILE,sceptile,Y,Y
255,TORCHIC,torchic,Y,Y
256,COMBUSKEN,combusken,Y,Y
257,BLAZIKEN,blaziken,Y,Y
258,MUDKIP,mudkip,Y,Y
259,MARSHTOMP,marshtomp,Y,Y
260,SWAMPERT,swampert,Y,Y
261,POOCHYENA,poochyena,Y,Y
262,MIGHTYENA,mightyena,Y,Y
263,ZIGZAGOON,zigzagoon,Y,Y
264,LINOONE,linoone,Y,Y
265,WURMPLE,wurmple,Y,Y
266,SILCOON,silcoon,Y,Y
267,BEAUTIFLY,beautifly,Y,Y
268,CASCOON,cascoon,Y,Y
269,DUSTOX,dustox,Y,Y
270,LOTAD,lotad,Y,Y
271,LOMBRE,lombre,Y,Y
272,LUDICOLO,ludicolo,Y,Y
273,SEEDOT,seedot,Y,Y
274,NUZLEAF,nuzleaf,Y,Y
275,SHIFTRY,shiftry,Y,Y
276,TAILLOW,taillow,Y,Y
277,SWELLOW,swellow,Y,Y
278,WINGULL,wingull,Y,Y
279,PELIPPER,pelipper,Y,Y
280,RALTS,ralts,Y,Y
281,KIRLIA,kirlia,Y,Y
282,GARDEVOIR,gardevoir,Y,Y
283,SURSKIT,surskit,Y,Y
284,MASQUERAIN,masquerain,Y,Y
285,SHROOMISH,shroomish,Y,Y
286,BRELOOM,breloom,Y,Y
287,SLAKOTH,slakoth,Y,Y
288,VIGOROTH,vigoroth,Y,Y
289,SLAKING,slaking,Y,Y
290,NINCADA,nincada,Y,Y
291,NINJASK,ninjask,Y,Y
292,SHEDINJA,shedinja,,
293,WHISMUR,whismur,Y,Y
294,LOUDRED,loudred,Y,Y
295,EXPLOUD,exploud,Y,Y
296,MAKUHITA,makuhita,Y,Y
297,HARIYAMA,hariyama,Y,Y
298,AZURILL,azurill,,Y
299,NOSEPASS,nosepass,Y,Y
300,SKITTY,skitty,Y,Y
301,DELCATTY,delcatty,,Y
302,SABLEYE,sableye,Y,Y
303,MAWILE,mawile,Y,Y
304,ARON,aron,Y,Y
305,LAIRON,lairon,Y,Y
306,AGGRON,aggron,Y,Y
307,MEDITITE,meditite,Y,Y
308,MEDICHAM,medicham,Y,Y
309,ELECTRIKE,electrike,Y,
310,MANECTRIC,manectric,Y,
311,PLUSLE,plusle,Y,Y
312,MINUN,minun,Y,Y
313,VOLBEAT,volbeat,Y,Y
314,ILLUMISE,illumise,Y,Y
315,ROSELIA,roselia,Y,Y
316,GULPIN,gulpin,,Y
317,SWALOT,swalot,,Y
318,CARVANHA,carvanha,Y,Y
319,SHARPEDO,sharpedo,Y,Y
320,WAILMER,wailmer,Y,Y
321,WAILORD,wailord,Y,Y
322,NUMEL,numel,Y,Y
323,CAMERUPT,camerupt,Y,Y
324,TORKOAL,torkoal,Y,
325,SPOINK,spoink,Y,Y
326,GRUMPIG,grumpig,Y,Y
327,SPINDA,spinda,Y,
328,TRAPINCH,trapinch,Y,Y
329,VIBRAVA,vibrava,Y,
330,FLYGON,flygon,Y,
331,CACNEA,cacnea,Y,
332,CACTURNE,cacturne,Y,
333,SWABLU,swablu,Y,Y
334,ALTARIA,altaria,Y,Y
335,ZANGOOSE,zangoose,Y,Y
336,SEVIPER,seviper,Y,Y
337,LUNATONE,lunatone,Y,Y
338,SOLROCK,solrock,,Y
339,BARBOACH,barboach,Y,
340,WHISCASH,whiscash,Y,
341,CORPHISH,corphish,,Y
342,CRAWDAUNT,crawdaunt,,Y
343,BALTOY,baltoy,Y,Y
344,CLAYDOL,claydol,Y,Y
345,LILEEP,lileep,Y,Y
346,CRADILY,cradily,Y,Y
347,ANORITH,anorith,,Y
348,ARMALDO,armaldo,,Y
349,FEEBAS,feebas,Y,Y
350,MILOTIC,milotic,Y,Y
351,CASTFORM,castform,Y,Y
352,KECLEON,kecleon,,
353,SHUPPET,shuppet,Y,Y
354,BANETTE,banette,Y,Y
355,DUSKULL,duskull,Y,Y
356,DUSCLOPS,dusclops,Y,Y
357,TROPIUS,tropius,Y,
358,CHIMECHO,chimecho,Y,Y
359,ABSOL,absol,Y,Y
360,WYNAUT,wynaut,,Y
361,SNORUNT,snorunt,Y,Y
362,GLALIE,glalie,Y,Y
363,SPHEAL,spheal,Y,Y
364,SEALEO,sealeo,Y,Y
365,WALREIN,walrein,Y,Y
366,CLAMPERL,clamperl,Y,Y
367,HUNTAIL,huntail,Y,Y
368,GOREBYSS,gorebyss,Y,
369,RELICANTH,relicanth,,
370,LUVDISC,luvdisc,Y,
371,BAGON,bagon,Y,Y
372,SHELGON,shelgon,Y,Y
373,SALAMENCE,salamence,Y,Y
374,BELDUM,beldum,Y,Y
375,METANG,metang,Y,Y
376,METAGROSS,metagross,Y,Y
377,REGIROCK,regirock,Y,
378,REGICE,regice,Y,Y
379,REGISTEEL,registeel,Y,Y
380,LATIAS,latias,Y,Y
381,LATIOS,latios,Y,Y
382,KYOGRE,kyogre,Y,Y
383,GROUDON,groudon,Y,Y
384,RAYQUAZA,rayquaza,Y,Y
385,JIRACHI,jirachi,Y,
386,DEOXYS,deoxys,Y,
387,TURTWIG,turtwig,Y,Y
388,GROTLE,grotle,Y,Y
389,TORTERRA,torterra,Y,Y
390,CHIMCHAR,chimchar,Y,Y
391,MONFERNO,monferno,Y,Y
392,INFERNAPE,infernape,Y,Y
393,PIPLUP,piplup,Y,Y
394,PRINPLUP,prinplup,Y,Y
395,EMPOLEON,empoleon,Y,Y
396,STARLY,starly,Y,Y
397,STARAVIA,staravia,Y,Y
398,STARAPTOR,staraptor,Y,Y
399,BIDOOF,bidoof,Y,Y
400,BIBAREL,bibarel,Y,Y
401,KRICKETOT,kricketot,Y,Y
402,KRICKETUNE,kricketune,Y,Y
403,SHINX,shinx,Y,Y
404,LUXIO,luxio,Y,Y
405,LUXRAY,luxray,Y,Y
406,BUDEW,budew,Y,
407,ROSERADE,roserade,Y,Y
408,CRANIDOS,cranidos,Y,Y
409,RAMPARDOS,rampardos,Y,Y
410,SHIELDON,shieldon,Y,Y
411,BASTIODON,bastiodon,Y,Y
412,BURMY,burmy,Y,Y
413,WORMADAM,wormadam,Y,Y
414,MOTHIM,mothim,,
415,COMBEE,combee,Y,
416,VESPIQUEN,vespiquen,,
417,PACHIRISU,pachirisu,,
418,BUIZEL,buizel,,
419,FLOATZEL,floatzel,,
420,CHERUBI,cherubi,Y,
421,CHERRIM,cherrim,Y,
422,SHELLOS,shellos,Y,
423,GASTRODON,gastrodon,Y,
424,AMBIPOM,ambipom,Y,
425,DRIFLOON,drifloon,Y,
426,DRIFBLIM,drifblim,Y,
427,BUNEARY,buneary,Y,
428,LOPUNNY,lopunny,Y,
429,MISMAGIUS,mismagius,,
430,HONCHKROW,honchkrow,Y,
431,GLAMEOW,glameow,,
432,PURUGLY,purugly,,
433,CHINGLING,chingling,,
434,STUNKY,stunky,Y,
435,SKUNTANK,skuntank,Y,
436,BRONZOR,bronzor,Y,
437,BRONZONG,bronzong,Y,
438,BONSLY,bonsly,Y,
439,MIME JR.,mime jr.,,
440,HAPPINY,happiny,Y,
441,CHATOT,chatot,,
442,SPIRITOMB,spiritomb,Y,
443,GIBLE,gible,Y,
444,GABITE,gabite,Y,
445,GARCHOMP,garchomp,Y,
446,MUNCHLAX,munchlax,Y,
447,RIOLU,riolu,Y,
448,LUCARIO,lucario,Y,
449,HIPPOPOTAS,hippopotas,,
450,HIPPOWDON,hippowdon,,
451,SKORUPI,skorupi,Y,
452,DRAPION,drapion,Y,
453,CROAGUNK,croagunk,Y,
454,TOXICROAK,toxicroak,Y,
455,CARNIVINE,carnivine,Y,
456,FINNEON,finneon,,
457,LUMINEON,lumineon,,
458,MANTYKE,mantyke,,
459,SNOVER,snover,Y,
460,ABOMASNOW,abomasnow,Y,
461,WEAVILE,weavile,Y,
462,MAGNEZONE,magnezone,Y,
463,LICKILICKY,lickilicky,Y,
464,RHYPERIOR,rhyperior,Y,
465,TANGROWTH,tangrowth,Y,
466,ELECTIVIRE,electivire,Y,
467,MAGMORTAR,magmortar,Y,
468,TOGEKISS,togekiss,Y,
469,YANMEGA,yanmega,Y,
470,LEAFEON,leafeon,Y,
471,GLACEON,glaceon,Y,
472,GLISCOR,gliscor,Y,
473,MAMOSWINE,mamoswine,Y,
474,PORYGON-Z,porygon-z,Y,
475,GALLADE,gallade,Y,
476,PROBOPASS,probopass,,
477,DUSKNOIR,dusknoir,Y,
478,FROSLASS,froslass,Y,
479,ROTOM,rotom,Y,
480,UXIE,uxie,,
481,MESPRIT,mesprit,,
482,AZELF,azelf,Y,
483,DIALGA,dialga,Y,
484,PALKIA,palkia,Y,
485,HEATRAN,heatran,Y,
486,REGIGIGAS,regigigas,Y,
487,GIRATINA,giratina,Y,
488,CRESSELIA,cresselia,Y,
489,PHIONE,phione,Y,
490,MANAPHY,manaphy,Y,
491,DARKRAI,darkrai,Y,
492,SHAYMIN,shaymin,,
493,ARCEUS,arceus,,
494,VICTINI,victini,,
495,SNIVY,snivy,Y,
496,SERVINE,servine,Y,
497,SERPERIOR,serperior,Y,
498,TEPIG,tepig,Y,
499,PIGNITE,pignite,Y,
500,EMBOAR,emboar,Y,
501,OSHAWOTT,oshawott,Y,
502,DEWOTT,dewott,Y,
503,SAMUROTT,samurott,Y,
504,PATRAT,patrat,Y,
505,WATCHOG,watchog,Y,
506,LILLIPUP,lillipup,,
507,HERDIER,herdier,,
508,STOUTLAND,stoutland,,
509,PURRLOIN,purrloin,Y,
510,LIEPARD,liepard,Y,
511,PANSAGE,pansage,,
512,SIMISAGE,simisage,,
513,PANSEAR,pansear,,
514,SIMISEAR,simisear,,
515,PANPOUR,panpour,Y,
516,SIMIPOUR,simipour,Y,
517,MUNNA,munna,Y,
518,MUSHARNA,musharna,Y,
519,PIDOVE,pidove,Y,
520,TRANQUILL,tranquill,Y,
521,UNFEZANT,unfezant,Y,
522,BLITZLE,blitzle,Y,
523,ZEBSTRIKA,zebstrika,Y,
524,ROGGENROLA,roggenrola,Y,
525,BOLDORE,boldore,Y,
526,GIGALITH,gigalith,Y,
527,WOOBAT,woobat,Y,
528,SWOOBAT,swoobat,Y,
529,DRILBUR,drilbur,Y,
530,EXCADRILL,excadrill,Y,
531,AUDINO,audino,Y,
532,TIMBURR,timburr,Y,
533,GURDURR,gurdurr,Y,
534,CONKELDURR,conkeldurr,Y,
535,TYMPOLE,tympole,Y,
536,PALPITOAD,palpitoad,Y,
537,SEISMITOAD,seismitoad,Y,
538,THROH,throh,Y,
539,SAWK,sawk,Y,
540,SEWADDLE,sewaddle,Y,
541,SWADLOON,swadloon,Y,
542,LEAVANNY,leavanny,Y,
543,VENIPEDE,venipede,Y,
544,WHIRLIPEDE,whirlipede,Y,
545,SCOLIPEDE,scolipede,Y,
546,COTTONEE,cottonee,Y,
547,WHIMSICOTT,whimsicott,Y,
548,PETILIL,petilil,Y,
549,LILLIGANT,lilligant,Y,
550,BASCULIN,basculin,Y,
551,SANDILE,sandile,Y,
552,KROKOROK,krokorok,Y,
553,KROOKODILE,krookodile,Y,
554,DARUMAKA,darumaka,Y,
555,DARMANITAN,darmanitan,Y,
556,MARACTUS,maractus,,
557,DWEBBLE,dwebble,Y,
558,CRUSTLE,crustle,Y,
559,SCRAGGY,scraggy,Y,
560,SCRAFTY,scrafty,Y,
561,SIGILYPH,sigilyph,,
562,YAMASK,yamask,Y,
563,COFAGRIGUS,cofagrigus,Y,
564,TIRTOUGA,tirtouga,Y,
565,CARRACOSTA,carracosta,,
566,ARCHEN,archen,Y,
567,ARCHEOPS,archeops,Y,
568,TRUBBISH,trubbish,Y,
569,GARBODOR,garbodor,Y,
570,ZORUA,zorua,Y,
571,ZOROARK,zoroark,Y,
572,MINCCINO,minccino,Y,
573,CINCCINO,cinccino,Y,
574,GOTHITA,gothita,Y,
575,GOTHORITA,gothorita,,
576,GOTHITELLE,gothitelle,,
577,SOLOSIS,solosis,Y,
578,DUOSION,duosion,Y,
579,REUNICLUS,reuniclus,Y,
580,DUCKLETT,ducklett,Y,
581,SWANNA,swanna,Y,
582,VANILLITE,vanillite,Y,
583,VANILLISH,vanillish,Y,
584,VANILLUXE,vanilluxe,Y,
585,DEERLING,deerling,Y,
586,SAWSBUCK,sawsbuck,Y,
587,EMOLGA,emolga,Y,
588,KARRABLAST,karrablast,Y,
589,ESCAVALIER,escavalier,Y,
590,FOONGUS,foongus,Y,
591,AMOONGUSS,amoonguss,Y,
592,FRILLISH,frillish,Y,
593,JELLICENT,jellicent,Y,
594,ALOMOMOLA,alomomola,Y,
595,JOLTIK,joltik,Y,
596,GALVANTULA,galvantula,Y,
597,FERROSEED,ferroseed,Y,
598,FERROTHORN,ferrothorn,Y,
599,KLINK,klink,Y,
600,KLANG,klang,Y,
601,KLINKLANG,klinklang,Y,
602,TYNAMO,tynamo,Y,
603,EELEKTRIK,eelektrik,Y,
604,EELEKTROSS,eelektross,Y,
605,ELGYEM,elgyem,Y,
606,BEHEEYEM,beheeyem,Y,
607,LITWICK,litwick,Y,
608,LAMPENT,lampent,Y,
609,CHANDELURE,chandelure,Y,
610,AXEW,axew,Y,
611,FRAXURE,fraxure,Y,
612,HAXORUS,haxorus,Y,
613,CUBCHOO,cubchoo,,
614,BEARTIC,beartic,,
615,CRYOGONAL,cryogonal,Y,
616,SHELMET,shelmet,Y,
617,ACCELGOR,accelgor,Y,
618,STUNFISK,stunfisk,Y,
619,MIENFOO,mienfoo,,
620,MIENSHAO,mienshao,,
621,DRUDDIGON,druddigon,Y,
622,GOLETT,golett,Y,
623,GOLURK,golurk,Y,
624,PAWNIARD,pawniard,Y,
625,BISHARP,bisharp,Y,
626,BOUFFALANT,bouffalant,,
627,RUFFLET,rufflet,Y,
628,BRAVIARY,braviary,Y,
629,VULLABY,vullaby,Y,
630,MANDIBUZZ,mandibuzz,Y,
631,HEATMOR,heatmor,Y,
632,DURANT,durant,Y,
633,DEINO,deino,Y,
634,ZWEILOUS,zweilous,Y,
635,HYDREIGON,hydreigon,Y,
636,LARVESTA,larvesta,,
637,VOLCARONA,volcarona,,
638,COBALION,cobalion,Y,
639,TERRAKION,terrakion,Y,
640,VIRIZION,virizion,Y,
641,TORNADUS,tornadus,,
642,THUNDURUS,thundurus,Y,
643,RESHIRAM,reshiram,Y,
644,ZEKROM,zekrom,Y,
645,LANDORUS,landorus,Y,
646,KYUREM,kyurem,Y,
647,KELDEO,keldeo,Y,
648,MELOETTA,meloetta,Y,
649,GENESECT,genesect,Y,
650,CHESPIN,chespin,Y,
651,QUILLADIN,quilladin,Y,
652,CHESNAUGHT,chesnaught,Y,
653,FENNEKIN,fennekin,Y,
654,BRAIXEN,braixen,Y,
655,DELPHOX,delphox,Y,
656,FROAKIE,froakie,Y,
657,FROGADIER,frogadier,Y,
658,GRENINJA,greninja,Y,
659,BUNNELBY,bunnelby,Y,
660,DIGGERSBY,diggersby,Y,
661,FLETCHLING,fletchling,Y,
662,FLETCHINDER,fletchinder,Y,
663,TALONFLAME,talonflame,Y,
664,SCATTERBUG,scatterbug,Y,
665,SPEWPA,spewpa,Y,
666,VIVILLON,vivillon,,
667,LITLEO,litleo,Y,
668,PYROAR,pyroar,Y,
669,FLAB√©B√©,flab√©b√©,Y,
670,FLOETTE,floette,Y,
671,FLORGES,florges,Y,
672,SKIDDO,skiddo,,
673,GOGOAT,gogoat,,
674,PANCHAM,pancham,Y,
675,PANGORO,pangoro,Y,
676,FURFROU,furfrou,Y,
677,ESPURR,espurr,Y,
678,MEOWSTIC,meowstic,Y,
679,HONEDGE,honedge,,
680,DOUBLADE,doublade,,
681,AEGISLASH,aegislash,,
682,SPRITZEE,spritzee,Y,
683,AROMATISSE,aromatisse,Y,
684,SWIRLIX,swirlix,Y,
685,SLURPUFF,slurpuff,,
686,INKAY,inkay,Y,
687,MALAMAR,malamar,Y,
688,BINACLE,binacle,Y,
689,BARBARACLE,barbaracle,Y,
690,SKRELP,skrelp,Y,
691,DRAGALGE,dragalge,Y,
692,CLAUNCHER,clauncher,,
693,CLAWITZER,clawitzer,,
694,HELIOPTILE,helioptile,Y,
695,HELIOLISK,heliolisk,Y,
696,TYRUNT,tyrunt,Y,
697,TYRANTRUM,tyrantrum,Y,
698,AMAURA,amaura,Y,
699,AURORUS,aurorus,Y,
700,SYLVEON,sylveon,Y,
701,HAWLUCHA,hawlucha,,
702,DEDENNE,dedenne,Y,
703,CARBINK,carbink,Y,
704,GOOMY,goomy,Y,
705,SLIGGOO,sliggoo,Y,
706,GOODRA,goodra,Y,
707,KLEFKI,klefki,,
708,PHANTUMP,phantump,Y,
709,TREVENANT,trevenant,Y,
710,PUMPKABOO,pumpkaboo,Y,
711,GOURGEIST,gourgeist,Y,
712,BERGMITE,bergmite,Y,
713,AVALUGG,avalugg,Y,
714,NOIBAT,noibat,Y,
715,NOIVERN,noivern,Y,
716,XERNEAS,xerneas,Y,
717,YVELTAL,yveltal,Y,
718,ZYGARDE,zygarde,,
719,DIANCIE,diancie,,
720,HOOPA,hoopa,,
721,VOLCANION,volcanion,,
722,ROWLET,rowlet,Y,
723,DARTRIX,dartrix,Y,
724,DECIDUEYE,decidueye,Y,
725,LITTEN,litten,Y,
726,TORRACAT,torracat,Y,
727,INCINEROAR,incineroar,Y,
728,POPPLIO,popplio,Y,
729,BRIONNE,brionne,Y,
730,PRIMARINA,primarina,Y,
731,PIKIPEK,pikipek,Y,
732,TRUMBEAK,trumbeak,Y,
733,TOUCANNON,toucannon,Y,
734,YUNGOOS,yungoos,Y,
735,GUMSHOOS,gumshoos,Y,
736,GRUBBIN,grubbin,Y,
737,CHARJABUG,charjabug,Y,
738,VIKAVOLT,vikavolt,Y,
739,CRABRAWLER,crabrawler,,
740,CRABOMINABLE,crabominable,,
741,ORICORIO,oricorio,Y,
742,CUTIEFLY,cutiefly,Y,
743,RIBOMBEE,ribombee,Y,
744,ROCKRUFF,rockruff,Y,
745,LYCANROC,lycanroc,,
746,WISHIWASHI,wishiwashi,,
747,MAREANIE,mareanie,Y,
748,TOXAPEX,toxapex,Y,
749,MUDBRAY,mudbray,Y,
750,MUDSDALE,mudsdale,Y,
751,DEWPIDER,dewpider,Y,
752,ARAQUANID,araquanid,Y,
753,FOMANTIS,fomantis,Y,
754,LURANTIS,lurantis,Y,
755,MORELULL,morelull,Y,
756,SHIINOTIC,shiinotic,Y,
757,SALANDIT,salandit,,
758,SALAZZLE,salazzle,,
759,STUFFUL,stufful,Y,
760,BEWEAR,bewear,Y,
761,BOUNSWEET,bounsweet,Y,
762,STEENEE,steenee,Y,
763,TSAREENA,tsareena,Y,
764,COMFEY,comfey,,
765,ORANGURU,oranguru,Y,
766,PASSIMIAN,passimian,Y,
767,WIMPOD,wimpod,Y,
768,GOLISOPOD,golisopod,Y,
769,SANDYGAST,sandygast,,
770,PALOSSAND,palossand,,
771,PYUKUMUKU,pyukumuku,,
772,TYPE: NULL,type: null,,
773,SILVALLY,silvally,,
774,MINIOR,minior,,
775,KOMALA,komala,,
776,TURTONATOR,turtonator,Y,
777,TOGEDEMARU,togedemaru,Y,
778,MIMIKYU,mimikyu,,
779,BRUXISH,bruxish,Y,
780,DRAMPA,drampa,,
781,DHELMISE,dhelmise,Y,
782,JANGMO-O,jangmo-o,Y,
783,HAKAMO-O,hakamo-o,Y,
784,KOMMO-O,kommo-o,Y,
785,TAPU KOKO,tapu koko,,
786,TAPU LELE,tapu lele,,
787,TAPU BULU,tapu bulu,,
788,TAPU FINI,tapu fini,Y,
789,COSMOG,cosmog,,
790,COSMOEM,cosmoem,,
791,SOLGALEO,solgaleo,Y,
792,LUNALA,lunala,,
793,NIHILEGO,nihilego,Y,
794,BUZZWOLE,buzzwole,Y,
795,PHEROMOSA,pheromosa,,
796,XURKITREE,xurkitree,,
797,CELESTEELA,celesteela,,
798,KARTANA,kartana,Y,
799,GUZZLORD,guzzlord,Y,
800,NECROZMA,necrozma,Y,
801,MAGEARNA,magearna,,
802,MARSHADOW,marshadow,,
803,POIPOLE,poipole,,
804,NAGANADEL,naganadel,,
805,STAKATAKA,stakataka,,
806,BLACEPHALON,blacephalon,,
807,ZERAORA,zeraora,,
808,MELTAN,meltan,Y,
809,MELMETAL,melmetal,Y,
810,GROOKEY,grookey,Y,
811,THWACKEY,thwackey,Y,
812,RILLABOOM,rillaboom,Y,
813,SCORBUNNY,scorbunny,Y,
814,RABOOT,raboot,Y,
815,CINDERACE,cinderace,Y,
816,SOBBLE,sobble,Y,
817,DRIZZILE,drizzile,Y,
818,INTELEON,inteleon,Y,
819,SKWOVET,skwovet,Y,
820,GREEDENT,greedent,Y,
821,ROOKIDEE,rookidee,Y,
822,CORVISQUIRE,corvisquire,Y,
823,CORVIKNIGHT,corviknight,Y,
824,BLIPBUG,blipbug,,
825,DOTTLER,dottler,,
826,ORBEETLE,orbeetle,,
827,NICKIT,nickit,Y,
828,THIEVUL,thievul,Y,
829,GOSSIFLEUR,gossifleur,,
830,ELDEGOSS,eldegoss,,
831,WOOLOO,wooloo,Y,
832,DUBWOOL,dubwool,Y,
833,CHEWTLE,chewtle,,
834,DREDNAW,drednaw,,
835,YAMPER,yamper,,
836,BOLTUND,boltund,,
837,ROLYCOLY,rolycoly,,
838,CARKOL,carkol,,
839,COALOSSAL,coalossal,,
840,APPLIN,applin,,
841,FLAPPLE,flapple,,
842,APPLETUN,appletun,,
843,SILICOBRA,silicobra,,
844,SANDACONDA,sandaconda,,
845,CRAMORANT,cramorant,,
846,ARROKUDA,arrokuda,,
847,BARRASKEWDA,barraskewda,,
848,TOXEL,toxel,,
849,TOXTRICITY,toxtricity,,
850,SIZZLIPEDE,sizzlipede,,
851,CENTISKORCH,centiskorch,,
852,CLOBBOPUS,clobbopus,,
853,GRAPPLOCT,grapploct,,
854,SINISTEA,sinistea,,
855,POLTEAGEIST,polteageist,,
856,HATENNA,hatenna,,
857,HATTREM,hattrem,,
858,HATTERENE,hatterene,,
859,IMPIDIMP,impidimp,,
860,MORGREM,morgrem,,
861,GRIMMSNARL,grimmsnarl,Y,
862,OBSTAGOON,obstagoon,Y,
863,PERRSERKER,perrserker,Y,
864,CURSOLA,cursola,Y,
865,SIRFETCH'D,sirfetch'd,,
866,MR. RIME,mr. rime,Y,
867,RUNERIGUS,runerigus,,
868,MILCERY,milcery,,
869,ALCREMIE,alcremie,,
870,FALINKS,falinks,Y,
871,PINCURCHIN,pincurchin,,
872,SNOM,snom,,
873,FROSMOTH,frosmoth,,
874,STONJOURNER,stonjourner,,
875,EISCUE,eiscue,,
876,INDEEDEE,indeedee,,
877,MORPEKO,morpeko,,
878,CUFANT,cufant,,
879,COPPERAJAH,copperajah,,
880,DRACOZOLT,dracozolt,,
881,ARCTOZOLT,arctozolt,,
882,DRACOVISH,dracovish,,
883,ARCTOVISH,arctovish,,
884,DURALUDON,duraludon,,
885,DREEPY,dreepy,,
886,DRAKLOAK,drakloak,,
887,DRAGAPULT,dragapult,,
888,ZACIAN,zacian,Y,
889,ZAMAZENTA,zamazenta,Y,
890,ETERNATUS,eternatus,,
891,KUBFU,kubfu,,
892,URSHIFU,urshifu,,
893,ZARUDE,zarude,,
894,REGIELEKI,regieleki,,
895,REGIDRAGO,regidrago,,
896,GLASTRIER,glastrier,,
897,SPECTRIER,spectrier,,
898,CALYREX,calyrex,,
899,WYRDEER,wyrdeer,,
900,KLEAVOR,kleavor,,
901,URSALUNA,ursaluna,,
902,BASCULEGION,basculegion,,
903,SNEASLER,sneasler,,
904,OVERQWIL,overqwil,,
905,ENAMORUS,enamorus,,
906,SPRIGATITO,sprigatito,Y,
907,FLORAGATO,floragato,Y,
908,MEOWSCARADA,meowscarada,Y,
909,FUECOCO,fuecoco,Y,
910,CROCALOR,crocalor,Y,
911,SKELEDIRGE,skeledirge,Y,
912,QUAXLY,quaxly,Y,
913,QUAXWELL,quaxwell,Y,
914,QUAQUAVAL,quaquaval,Y,
915,LECHONK,lechonk,Y,
916,OINKOLOGNE,oinkologne,Y,
917,TAROUNTULA,tarountula,,
918,SPIDOPS,spidops,,
919,NYMBLE,nymble,,
920,LOKIX,lokix,,
921,PAWMI,pawmi,Y,
922,PAWMO,pawmo,Y,
923,PAWMOT,pawmot,Y,
924,TANDEMAUS,tandemaus,,
925,MAUSHOLD,maushold,,
926,FIDOUGH,fidough,,
927,DACHSBUN,dachsbun,,
928,SMOLIV,smoliv,Y,
929,DOLLIV,dolliv,Y,
930,ARBOLIVA,arboliva,Y,
931,SQUAWKABILLY,squawkabilly,,
932,NACLI,nacli,,
933,NACLSTACK,naclstack,,
934,GARGANACL,garganacl,,
935,CHARCADET,charcadet,,
936,ARMAROUGE,armarouge,,
937,CERULEDGE,ceruledge,,
938,TADBULB,tadbulb,Y,
939,BELLIBOLT,bellibolt,Y,
940,WATTREL,wattrel,,
941,KILOWATTREL,kilowattrel,,
942,MASCHIFF,maschiff,,
943,MABOSSTIFF,mabosstiff,,
944,SHROODLE,shroodle,,
945,GRAFAIAI,grafaiai,,
946,BRAMBLIN,bramblin,,
947,BRAMBLEGHAST,brambleghast,,
948,TOEDSCOOL,toedscool,,
949,TOEDSCRUEL,toedscruel,,
950,KLAWF,klawf,,
951,CAPSAKID,capsakid,,
952,SCOVILLAIN,scovillain,,
953,RELLOR,rellor,,
954,RABSCA,rabsca,,
955,FLITTLE,flittle,,
956,ESPATHRA,espathra,,
957,TINKATINK,tinkatink,Y,
958,TINKATUFF,tinkatuff,Y,
959,TINKATON,tinkaton,Y,
960,WIGLETT,wiglett,,
961,WUGTRIO,wugtrio,,
962,BOMBIRDIER,bombirdier,,
963,FINIZEN,finizen,,
964,PALAFIN,palafin,,
965,VAROOM,varoom,,
966,REVAVROOM,revavroom,,
967,CYCLIZAR,cyclizar,,
968,ORTHWORM,orthworm,,
969,GLIMMET,glimmet,,
970,GLIMMORA,glimmora,,
971,GREAVARD,greavard,,
972,HOUNDSTONE,houndstone,,
973,FLAMIGO,flamigo,,
974,CETODDLE,cetoddle,,
975,CETITAN,cetitan,,
976,VELUZA,veluza,,
977,DONDOZO,dondozo,,
978,TATSUGIRI,tatsugiri,,
979,ANNIHILAPE,annihilape,Y,
980,CLODSIRE,clodsire,Y,
981,FARIGIRAF,farigiraf,,
982,DUDUNSPARCE,dudunsparce,Y,
983,KINGAMBIT,kingambit,Y,
984,GREAT TUSK,great tusk,,
985,SCREAM TAIL,scream tail,,
986,BRUTE BONNET,brute bonnet,,
987,FLUTTER MANE,flutter mane,,
988,SLITHER WING,slither wing,,
989,SANDY SHOCKS,sandy shocks,,
990,IRON TREADS,iron treads,,
991,IRON BUNDLE,iron bundle,,
992,IRON HANDS,iron hands,,
993,IRON JUGULIS,iron jugulis,,
994,IRON MOTH,iron moth,,
995,IRON THORNS,iron thorns,,
996,FRIGIBAX,frigibax,Y,
997,ARCTIBAX,arctibax,Y,
998,BAXCALIBUR,baxcalibur,Y,
999,GIMMIGHOUL,gimmighoul,,
1000,GHOLDENGO,gholdengo,,
1001,WO-CHIEN,wo-chien,,
1002,CHIEN-PAO,chien-pao,,
1003,TING-LU,ting-lu,,
1004,CHI-YU,chi-yu,,
1005,ROARING MOON,roaring moon,,
1006,IRON VALIANT,iron valiant,,
1007,KORAIDON,koraidon,,
1008,MIRAIDON,miraidon,,
1009,WALKING WAKE,walking wake,,
1010,IRON LEAVES,iron leaves,,
1011,DIPPLIN,dipplin,,
1012,POLTCHAGEIST,poltchageist,,
1013,SINISTCHA,sinistcha,,
1014,OKIDOGI,okidogi,,
1015,MUNKIDORI,munkidori,,
1016,FEZANDIPITI,fezandipiti,,
1017,OGERPON,ogerpon,,
1018,ARCHALUDON,archaludon,,
1019,HYDRAPPLE,hydrapple,,
1020,GOUGING FIRE,gouging fire,,
1021,RAGING BOLT,raging bolt,,
1022,IRON BOULDER,iron boulder,,
1023,IRON CROWN,iron crown,,
1024,TERAPAGOS,terapagos,,
1025,PECHARUNT,pecharunt,,